size,density,nnz,dense_ms,csr_ms
128,0.05,804,0.057387,0.003982
128,0.20,3312,0.062891,0.014557
128,0.80,13161,0.064777,0.053416
256,0.05,3295,0.243846,0.017598
256,0.20,12934,0.266693,0.055010
256,0.80,52333,0.262946,0.212310
512,0.05,13033,0.994655,0.051613
512,0.20,52348,1.071533,0.221102
512,0.80,209796,1.082429,0.872956
1024,0.05,52537,4.209095,0.236249
1024,0.20,209527,4.344591,0.885403
1024,0.80,838953,4.255418,3.390501
